{"cameraMode":{"drawMode":0,"name":"Shaded","section":"Shading Mode"},"sceneLighting":false,"audioPlay":false,"sceneViewState":{"m_AlwaysRefresh":false,"showFog":false,"showSkybox":false,"showFlares":false,"showImageEffects":false,"showParticleSystems":false,"showVisualEffectGraphs":true,"m_FxEnabled":true},"in2DMode":false,"pivot":{"x":-4.172325134277344e-7,"y":0.687694251537323,"z":0.0023628175258636476},"rotation":{"x":0.010603155940771103,"y":-0.9828062653541565,"z":0.1745893806219101,"w":0.059635646641254428},"size":1.0482181310653687,"orthographic":false}