{"cameraMode":{"drawMode":0,"name":"Shaded","section":"Shading Mode"},"sceneLighting":false,"audioPlay":false,"sceneViewState":{"m_AlwaysRefresh":false,"showFog":true,"showSkybox":false,"showFlares":true,"showImageEffects":true,"showParticleSystems":true,"showVisualEffectGraphs":true,"m_FxEnabled":true},"in2DMode":false,"pivot":{"x":-2.980232238769531e-7,"y":0.6916190385818481,"z":-0.0021273791790008547},"rotation":{"x":-0.13426458835601808,"y":0.8639028668403626,"z":-0.3722071647644043,"w":-0.3116335868835449},"size":1.0464048385620118,"orthographic":false}