{"cameraMode":{"drawMode":0,"name":"Shaded","section":"Shading Mode"},"sceneLighting":false,"audioPlay":false,"sceneViewState":{"m_AlwaysRefresh":false,"showFog":false,"showSkybox":false,"showFlares":false,"showImageEffects":false,"showParticleSystems":false,"showVisualEffectGraphs":true,"m_FxEnabled":true},"in2DMode":false,"pivot":{"x":-3.5762786865234377e-7,"y":0.6916190981864929,"z":0.0023628175258636476},"rotation":{"x":-0.08260682225227356,"y":-0.5502418875694275,"z":0.05483438819646835,"w":-0.8291324973106384},"size":1.051110029220581,"orthographic":false}