{"cameraMode":{"drawMode":0,"name":"Shaded","section":"Shading Mode"},"sceneLighting":true,"audioPlay":false,"sceneViewState":{"m_AlwaysRefresh":false,"showFog":true,"showSkybox":true,"showFlares":true,"showImageEffects":true,"showParticleSystems":true,"showVisualEffectGraphs":true,"m_FxEnabled":true},"in2DMode":false,"pivot":{"x":-2.980232238769531e-7,"y":0.7331104278564453,"z":-0.0021273791790008547},"rotation":{"x":0.02043541893362999,"y":-0.9759696125984192,"z":0.19003726541996003,"w":0.10493326187133789},"size":1.0775105953216553,"orthographic":false}