{"cameraMode":{"drawMode":0,"name":"Shaded","section":"Shading Mode"},"sceneLighting":true,"audioPlay":false,"sceneViewState":{"m_AlwaysRefresh":false,"showFog":true,"showSkybox":true,"showFlares":true,"showImageEffects":true,"showParticleSystems":true,"showVisualEffectGraphs":true,"m_FxEnabled":true},"in2DMode":false,"pivot":{"x":1.7224154472351075,"y":1.311999797821045,"z":-2.494436740875244},"rotation":{"x":0.25520163774490359,"y":-0.04319467395544052,"z":0.011413783766329289,"w":0.9658938050270081},"size":0.37559399008750918,"orthographic":false}