{"cameraMode":{"drawMode":0,"name":"Shaded","section":"Shading Mode"},"sceneLighting":false,"audioPlay":false,"sceneViewState":{"m_AlwaysRefresh":false,"showFog":false,"showSkybox":false,"showFlares":false,"showImageEffects":false,"showParticleSystems":false,"showVisualEffectGraphs":true,"m_FxEnabled":true},"in2DMode":false,"pivot":{"x":-0.00009000301361083984,"y":0.7419990301132202,"z":-0.05091416835784912},"rotation":{"x":-0.08260682225227356,"y":-0.5502418875694275,"z":0.05483438819646835,"w":-0.8291324973106384},"size":1.2155232429504395,"orthographic":false}